codigo_acao,codigo_elemento_despesa,codigo_favorecido,codigo_funcao,codigo_grupo_despesa,codigo_orgao,codigo_orgao_superior,codigo_programa,codigo_subfuncao,codigo_unidade_gestora,data_pagamento,data_pagamento_original,gestao_pagamento,linguagem_cidada,nome_acao,nome_elemento_despesa,nome_favorecido,nome_funcao,nome_grupo_despesa,nome_orgao,nome_orgao_superior,nome_programa,nome_subfuncao,nome_unidade_gestora,numero_documento,valor,ano,mes
00M1,8,"Informações protegidas por sigilo, nos termos da legislação, para garantia da segurança da sociedade e do Estado",6,3,20118,20000,2101,331,110120,,"Informações protegidas por sigilo, nos termos da legislação, para garantia da segurança da sociedade e do Estado","Informações protegidas por sigilo, nos termos da legislação, para garantia da segurança da sociedade e do Estado",,Benefícios Assistenciais decorrentes do Auxílio-Funeral e Natalidade,Outros Benefícios Assistenciais do servidor e do militar,"Informações protegidas por sigilo, nos termos da legislação, para garantia da segurança da sociedade e do Estado",Segurança Pública,Outras Despesas Correntes,AGENCIA BRASILEIRA DE INTELIGENCIA - ABIN,PRESIDENCIA DA REPUBLICA,Programa de Gestão e Manutenção da Presidência da República,Proteção e Benefícios ao Trabalhador,AGENCIA BRASILEIRA DE INTELIGENCIA,"Informações protegidas por sigilo, nos termos da legislação, para garantia da segurança da sociedade e do Estado",11392.50,2014,7
2010,8,"Informações protegidas por sigilo, nos termos da legislação, para garantia da segurança da sociedade e do Estado",6,3,20118,20000,2101,331,110120,,"Informações protegidas por sigilo, nos termos da legislação, para garantia da segurança da sociedade e do Estado","Informações protegidas por sigilo, nos termos da legislação, para garantia da segurança da sociedade e do Estado",Assistência Pré-Escolar,"Assistência Pré-Escolar aos Dependentes dos Servidores Civis, Empregados e Militares",Outros Benefícios Assistenciais do servidor e do militar,"Informações protegidas por sigilo, nos termos da legislação, para garantia da segurança da sociedade e do Estado",Segurança Pública,Outras Despesas Correntes,AGENCIA BRASILEIRA DE INTELIGENCIA - ABIN,PRESIDENCIA DA REPUBLICA,Programa de Gestão e Manutenção da Presidência da República,Proteção e Benefícios ao Trabalhador,AGENCIA BRASILEIRA DE INTELIGENCIA,"Informações protegidas por sigilo, nos termos da legislação, para garantia da segurança da sociedade e do Estado",7787.25,2014,7
2684,30,"Informações protegidas por sigilo, nos termos da legislação, para garantia da segurança da sociedade e do Estado",6,3,20118,20000,2101,183,110120,,"Informações protegidas por sigilo, nos termos da legislação, para garantia da segurança da sociedade e do Estado","Informações protegidas por sigilo, nos termos da legislação, para garantia da segurança da sociedade e do Estado",,Ações de Inteligência,Material de Consumo,"Informações protegidas por sigilo, nos termos da legislação, para garantia da segurança da sociedade e do Estado",Segurança Pública,Outras Despesas Correntes,AGENCIA BRASILEIRA DE INTELIGENCIA - ABIN,PRESIDENCIA DA REPUBLICA,Programa de Gestão e Manutenção da Presidência da República,Informação e Inteligência,AGENCIA BRASILEIRA DE INTELIGENCIA,"Informações protegidas por sigilo, nos termos da legislação, para garantia da segurança da sociedade e do Estado",43063.49,2014,7
7U23,33,"Informações protegidas por sigilo, nos termos da legislação, para garantia da segurança da sociedade e do Estado",6,3,20118,20000,2070,183,110120,,"Informações protegidas por sigilo, nos termos da legislação, para garantia da segurança da sociedade e do Estado","Informações protegidas por sigilo, nos termos da legislação, para garantia da segurança da sociedade e do Estado",,Implementação do Plano Nacional de Segurança Pública para a Realização dos Grandes Eventos,Passagens e Despesas com Locomoção,"Informações protegidas por sigilo, nos termos da legislação, para garantia da segurança da sociedade e do Estado",Segurança Pública,Outras Despesas Correntes,AGENCIA BRASILEIRA DE INTELIGENCIA - ABIN,PRESIDENCIA DA REPUBLICA,Segurança Pública com Cidadania,Informação e Inteligência,AGENCIA BRASILEIRA DE INTELIGENCIA,"Informações protegidas por sigilo, nos termos da legislação, para garantia da segurança da sociedade e do Estado",65365.77,2014,7
2684,33,"Informações protegidas por sigilo, nos termos da legislação, para garantia da segurança da sociedade e do Estado",6,3,20118,20000,2101,183,110120,,"Informações protegidas por sigilo, nos termos da legislação, para garantia da segurança da sociedade e do Estado","Informações protegidas por sigilo, nos termos da legislação, para garantia da segurança da sociedade e do Estado",,Ações de Inteligência,Passagens e Despesas com Locomoção,"Informações protegidas por sigilo, nos termos da legislação, para garantia da segurança da sociedade e do Estado",Segurança Pública,Outras Despesas Correntes,AGENCIA BRASILEIRA DE INTELIGENCIA - ABIN,PRESIDENCIA DA REPUBLICA,Programa de Gestão e Manutenção da Presidência da República,Informação e Inteligência,AGENCIA BRASILEIRA DE INTELIGENCIA,"Informações protegidas por sigilo, nos termos da legislação, para garantia da segurança da sociedade e do Estado",5875.29,2014,7
2684,36,"Informações protegidas por sigilo, nos termos da legislação, para garantia da segurança da sociedade e do Estado",6,3,20118,20000,2101,183,110120,,"Informações protegidas por sigilo, nos termos da legislação, para garantia da segurança da sociedade e do Estado","Informações protegidas por sigilo, nos termos da legislação, para garantia da segurança da sociedade e do Estado",,Ações de Inteligência,Outros Serviços de Terceiros - Pessoa Física,"Informações protegidas por sigilo, nos termos da legislação, para garantia da segurança da sociedade e do Estado",Segurança Pública,Outras Despesas Correntes,AGENCIA BRASILEIRA DE INTELIGENCIA - ABIN,PRESIDENCIA DA REPUBLICA,Programa de Gestão e Manutenção da Presidência da República,Informação e Inteligência,AGENCIA BRASILEIRA DE INTELIGENCIA,"Informações protegidas por sigilo, nos termos da legislação, para garantia da segurança da sociedade e do Estado",61923.76,2014,7
14VN,39,"Informações protegidas por sigilo, nos termos da legislação, para garantia da segurança da sociedade e do Estado",4,3,20118,20000,2125,121,110120,,"Informações protegidas por sigilo, nos termos da legislação, para garantia da segurança da sociedade e do Estado","Informações protegidas por sigilo, nos termos da legislação, para garantia da segurança da sociedade e do Estado",,Apoio à Realização de Grandes Eventos,Outros Serviços de Terceiros - Pessoa Jurídica,"Informações protegidas por sigilo, nos termos da legislação, para garantia da segurança da sociedade e do Estado",Administração,Outras Despesas Correntes,AGENCIA BRASILEIRA DE INTELIGENCIA - ABIN,PRESIDENCIA DA REPUBLICA,"Programa de Gestão e Manutenção do Ministério do Planejamento, Orçamento e Gestão",Planejamento e Orçamento,AGENCIA BRASILEIRA DE INTELIGENCIA,"Informações protegidas por sigilo, nos termos da legislação, para garantia da segurança da sociedade e do Estado",948524.00,2014,7
7U23,39,"Informações protegidas por sigilo, nos termos da legislação, para garantia da segurança da sociedade e do Estado",6,3,20118,20000,2070,183,110120,,"Informações protegidas por sigilo, nos termos da legislação, para garantia da segurança da sociedade e do Estado","Informações protegidas por sigilo, nos termos da legislação, para garantia da segurança da sociedade e do Estado",,Implementação do Plano Nacional de Segurança Pública para a Realização dos Grandes Eventos,Outros Serviços de Terceiros - Pessoa Jurídica,"Informações protegidas por sigilo, nos termos da legislação, para garantia da segurança da sociedade e do Estado",Segurança Pública,Outras Despesas Correntes,AGENCIA BRASILEIRA DE INTELIGENCIA - ABIN,PRESIDENCIA DA REPUBLICA,Segurança Pública com Cidadania,Informação e Inteligência,AGENCIA BRASILEIRA DE INTELIGENCIA,"Informações protegidas por sigilo, nos termos da legislação, para garantia da segurança da sociedade e do Estado",199923.26,2014,7
2684,39,"Informações protegidas por sigilo, nos termos da legislação, para garantia da segurança da sociedade e do Estado",6,3,20118,20000,2101,183,110120,,"Informações protegidas por sigilo, nos termos da legislação, para garantia da segurança da sociedade e do Estado","Informações protegidas por sigilo, nos termos da legislação, para garantia da segurança da sociedade e do Estado",,Ações de Inteligência,Outros Serviços de Terceiros - Pessoa Jurídica,"Informações protegidas por sigilo, nos termos da legislação, para garantia da segurança da sociedade e do Estado",Segurança Pública,Outras Despesas Correntes,AGENCIA BRASILEIRA DE INTELIGENCIA - ABIN,PRESIDENCIA DA REPUBLICA,Programa de Gestão e Manutenção da Presidência da República,Informação e Inteligência,AGENCIA BRASILEIRA DE INTELIGENCIA,"Informações protegidas por sigilo, nos termos da legislação, para garantia da segurança da sociedade e do Estado",1916857.18,2014,7
2004,39,"Informações protegidas por sigilo, nos termos da legislação, para garantia da segurança da sociedade e do Estado",6,3,20118,20000,2101,301,110120,,"Informações protegidas por sigilo, nos termos da legislação, para garantia da segurança da sociedade e do Estado","Informações protegidas por sigilo, nos termos da legislação, para garantia da segurança da sociedade e do Estado",Assistência Médica e Odontológica,"Assistência Médica e Odontológica aos Servidores Civis, Empregados, Militares e seus Dependentes",Outros Serviços de Terceiros - Pessoa Jurídica,"Informações protegidas por sigilo, nos termos da legislação, para garantia da segurança da sociedade e do Estado",Segurança Pública,Outras Despesas Correntes,AGENCIA BRASILEIRA DE INTELIGENCIA - ABIN,PRESIDENCIA DA REPUBLICA,Programa de Gestão e Manutenção da Presidência da República,Atenção Básica,AGENCIA BRASILEIRA DE INTELIGENCIA,"Informações protegidas por sigilo, nos termos da legislação, para garantia da segurança da sociedade e do Estado",17269.33,2014,7
2012,46,"Informações protegidas por sigilo, nos termos da legislação, para garantia da segurança da sociedade e do Estado",6,3,20118,20000,2101,331,110120,,"Informações protegidas por sigilo, nos termos da legislação, para garantia da segurança da sociedade e do Estado","Informações protegidas por sigilo, nos termos da legislação, para garantia da segurança da sociedade e do Estado",Auxílio-Alimentação,"Auxílio-Alimentação aos Servidores Civis, Empregados e Militares",Auxílio-Alimentação,"Informações protegidas por sigilo, nos termos da legislação, para garantia da segurança da sociedade e do Estado",Segurança Pública,Outras Despesas Correntes,AGENCIA BRASILEIRA DE INTELIGENCIA - ABIN,PRESIDENCIA DA REPUBLICA,Programa de Gestão e Manutenção da Presidência da República,Proteção e Benefícios ao Trabalhador,AGENCIA BRASILEIRA DE INTELIGENCIA,"Informações protegidas por sigilo, nos termos da legislação, para garantia da segurança da sociedade e do Estado",462136.28,2014,7
2684,47,"Informações protegidas por sigilo, nos termos da legislação, para garantia da segurança da sociedade e do Estado",6,3,20118,20000,2101,183,110120,,"Informações protegidas por sigilo, nos termos da legislação, para garantia da segurança da sociedade e do Estado","Informações protegidas por sigilo, nos termos da legislação, para garantia da segurança da sociedade e do Estado",,Ações de Inteligência,Obrigações Tributárias e Contributivas,"Informações protegidas por sigilo, nos termos da legislação, para garantia da segurança da sociedade e do Estado",Segurança Pública,Outras Despesas Correntes,AGENCIA BRASILEIRA DE INTELIGENCIA - ABIN,PRESIDENCIA DA REPUBLICA,Programa de Gestão e Manutenção da Presidência da República,Informação e Inteligência,AGENCIA BRASILEIRA DE INTELIGENCIA,"Informações protegidas por sigilo, nos termos da legislação, para garantia da segurança da sociedade e do Estado",841.07,2014,7
2011,49,"Informações protegidas por sigilo, nos termos da legislação, para garantia da segurança da sociedade e do Estado",6,3,20118,20000,2101,331,110120,,"Informações protegidas por sigilo, nos termos da legislação, para garantia da segurança da sociedade e do Estado","Informações protegidas por sigilo, nos termos da legislação, para garantia da segurança da sociedade e do Estado",Auxílio-Transporte,"Auxílio-Transporte aos Servidores Civis, Empregados e Militares",Auxílio-Transporte,"Informações protegidas por sigilo, nos termos da legislação, para garantia da segurança da sociedade e do Estado",Segurança Pública,Outras Despesas Correntes,AGENCIA BRASILEIRA DE INTELIGENCIA - ABIN,PRESIDENCIA DA REPUBLICA,Programa de Gestão e Manutenção da Presidência da República,Proteção e Benefícios ao Trabalhador,AGENCIA BRASILEIRA DE INTELIGENCIA,"Informações protegidas por sigilo, nos termos da legislação, para garantia da segurança da sociedade e do Estado",17095.33,2014,7
2684,92,"Informações protegidas por sigilo, nos termos da legislação, para garantia da segurança da sociedade e do Estado",6,3,20118,20000,2101,183,110120,,"Informações protegidas por sigilo, nos termos da legislação, para garantia da segurança da sociedade e do Estado","Informações protegidas por sigilo, nos termos da legislação, para garantia da segurança da sociedade e do Estado",,Ações de Inteligência,Despesas de Exercícios Anteriores,"Informações protegidas por sigilo, nos termos da legislação, para garantia da segurança da sociedade e do Estado",Segurança Pública,Outras Despesas Correntes,AGENCIA BRASILEIRA DE INTELIGENCIA - ABIN,PRESIDENCIA DA REPUBLICA,Programa de Gestão e Manutenção da Presidência da República,Informação e Inteligência,AGENCIA BRASILEIRA DE INTELIGENCIA,"Informações protegidas por sigilo, nos termos da legislação, para garantia da segurança da sociedade e do Estado",71.98,2014,7
2004,92,"Informações protegidas por sigilo, nos termos da legislação, para garantia da segurança da sociedade e do Estado",6,3,20118,20000,2101,301,110120,,"Informações protegidas por sigilo, nos termos da legislação, para garantia da segurança da sociedade e do Estado","Informações protegidas por sigilo, nos termos da legislação, para garantia da segurança da sociedade e do Estado",Assistência Médica e Odontológica,"Assistência Médica e Odontológica aos Servidores Civis, Empregados, Militares e seus Dependentes",Despesas de Exercícios Anteriores,"Informações protegidas por sigilo, nos termos da legislação, para garantia da segurança da sociedade e do Estado",Segurança Pública,Outras Despesas Correntes,AGENCIA BRASILEIRA DE INTELIGENCIA - ABIN,PRESIDENCIA DA REPUBLICA,Programa de Gestão e Manutenção da Presidência da República,Atenção Básica,AGENCIA BRASILEIRA DE INTELIGENCIA,"Informações protegidas por sigilo, nos termos da legislação, para garantia da segurança da sociedade e do Estado",1879.94,2014,7
7U23,93,"Informações protegidas por sigilo, nos termos da legislação, para garantia da segurança da sociedade e do Estado",6,3,20118,20000,2070,183,110120,,"Informações protegidas por sigilo, nos termos da legislação, para garantia da segurança da sociedade e do Estado","Informações protegidas por sigilo, nos termos da legislação, para garantia da segurança da sociedade e do Estado",,Implementação do Plano Nacional de Segurança Pública para a Realização dos Grandes Eventos,Indenizações e Restituições,"Informações protegidas por sigilo, nos termos da legislação, para garantia da segurança da sociedade e do Estado",Segurança Pública,Outras Despesas Correntes,AGENCIA BRASILEIRA DE INTELIGENCIA - ABIN,PRESIDENCIA DA REPUBLICA,Segurança Pública com Cidadania,Informação e Inteligência,AGENCIA BRASILEIRA DE INTELIGENCIA,"Informações protegidas por sigilo, nos termos da legislação, para garantia da segurança da sociedade e do Estado",655.03,2014,7
2684,93,"Informações protegidas por sigilo, nos termos da legislação, para garantia da segurança da sociedade e do Estado",6,3,20118,20000,2101,183,110120,,"Informações protegidas por sigilo, nos termos da legislação, para garantia da segurança da sociedade e do Estado","Informações protegidas por sigilo, nos termos da legislação, para garantia da segurança da sociedade e do Estado",,Ações de Inteligência,Indenizações e Restituições,"Informações protegidas por sigilo, nos termos da legislação, para garantia da segurança da sociedade e do Estado",Segurança Pública,Outras Despesas Correntes,AGENCIA BRASILEIRA DE INTELIGENCIA - ABIN,PRESIDENCIA DA REPUBLICA,Programa de Gestão e Manutenção da Presidência da República,Informação e Inteligência,AGENCIA BRASILEIRA DE INTELIGENCIA,"Informações protegidas por sigilo, nos termos da legislação, para garantia da segurança da sociedade e do Estado",85143.34,2014,7
2004,93,"Informações protegidas por sigilo, nos termos da legislação, para garantia da segurança da sociedade e do Estado",6,3,20118,20000,2101,301,110120,,"Informações protegidas por sigilo, nos termos da legislação, para garantia da segurança da sociedade e do Estado","Informações protegidas por sigilo, nos termos da legislação, para garantia da segurança da sociedade e do Estado",Assistência Médica e Odontológica,"Assistência Médica e Odontológica aos Servidores Civis, Empregados, Militares e seus Dependentes",Indenizações e Restituições,"Informações protegidas por sigilo, nos termos da legislação, para garantia da segurança da sociedade e do Estado",Segurança Pública,Outras Despesas Correntes,AGENCIA BRASILEIRA DE INTELIGENCIA - ABIN,PRESIDENCIA DA REPUBLICA,Programa de Gestão e Manutenção da Presidência da República,Atenção Básica,AGENCIA BRASILEIRA DE INTELIGENCIA,"Informações protegidas por sigilo, nos termos da legislação, para garantia da segurança da sociedade e do Estado",306701.93,2014,7
2684,52,"Informações protegidas por sigilo, nos termos da legislação, para garantia da segurança da sociedade e do Estado",6,4,20118,20000,2101,183,110120,,"Informações protegidas por sigilo, nos termos da legislação, para garantia da segurança da sociedade e do Estado","Informações protegidas por sigilo, nos termos da legislação, para garantia da segurança da sociedade e do Estado",,Ações de Inteligência,Equipamentos e Material Permanente,"Informações protegidas por sigilo, nos termos da legislação, para garantia da segurança da sociedade e do Estado",Segurança Pública,Investimentos,AGENCIA BRASILEIRA DE INTELIGENCIA - ABIN,PRESIDENCIA DA REPUBLICA,Programa de Gestão e Manutenção da Presidência da República,Informação e Inteligência,AGENCIA BRASILEIRA DE INTELIGENCIA,"Informações protegidas por sigilo, nos termos da legislação, para garantia da segurança da sociedade e do Estado",229038.24,2014,7
0536,91,"Informações protegidas por sigilo, nos termos da legislação, para garantia da segurança da sociedade e do Estado",9,3,64101,20000,909,274,200016,,"Informações protegidas por sigilo, nos termos da legislação, para garantia da segurança da sociedade e do Estado","Informações protegidas por sigilo, nos termos da legislação, para garantia da segurança da sociedade e do Estado",,Pensões Decorrentes de Legislação Especial e/ou Decisões Judiciais,Sentenças Judiciais,"Informações protegidas por sigilo, nos termos da legislação, para garantia da segurança da sociedade e do Estado",Previdência Social,Outras Despesas Correntes,SECRETARIA DE DIREITOS HUMANOS - SDH/PR,PRESIDENCIA DA REPUBLICA,Operações Especiais: Outros Encargos Especiais,Previdência Especial,SECRETARIA DE DIREITOS HUMANOS/PR,"Informações protegidas por sigilo, nos termos da legislação, para garantia da segurança da sociedade e do Estado",724.00,2014,7
0734,91,"Informações protegidas por sigilo, nos termos da legislação, para garantia da segurança da sociedade e do Estado",14,3,64101,20000,1401,845,200016,,"Informações protegidas por sigilo, nos termos da legislação, para garantia da segurança da sociedade e do Estado","Informações protegidas por sigilo, nos termos da legislação, para garantia da segurança da sociedade e do Estado",,Pagamento de Indenização a Vítimas de Violação das Obrigações Contraídas pela União por Meio da Adesão a Tratados Internacionais de Proteção dos Direitos Humanos,Sentenças Judiciais,"Informações protegidas por sigilo, nos termos da legislação, para garantia da segurança da sociedade e do Estado",Direitos da Cidadania,Outras Despesas Correntes,SECRETARIA DE DIREITOS HUMANOS - SDH/PR,PRESIDENCIA DA REPUBLICA,Reparação de Violações e Defesa dos Direitos Humanos,Outras Transferências,SECRETARIA DE DIREITOS HUMANOS/PR,"Informações protegidas por sigilo, nos termos da legislação, para garantia da segurança da sociedade e do Estado",106665.60,2014,7
2000,33,"Informações protegidas por sigilo, nos termos da legislação, para garantia da segurança da sociedade e do Estado",4,3,25103,25000,2110,122,170339,,"Informações protegidas por sigilo, nos termos da legislação, para garantia da segurança da sociedade e do Estado","Informações protegidas por sigilo, nos termos da legislação, para garantia da segurança da sociedade e do Estado",Administração de unidade,Administração da Unidade,Passagens e Despesas com Locomoção,"Informações protegidas por sigilo, nos termos da legislação, para garantia da segurança da sociedade e do Estado",Administração,Outras Despesas Correntes,RECEITA FEDERAL DO BRASIL,MINISTERIO DA FAZENDA,Programa de Gestão e Manutenção do Ministério da Fazenda,Administração Geral,COORDENACAO-GERAL DE PESQ.INVESTIGACAO DA RFB,"Informações protegidas por sigilo, nos termos da legislação, para garantia da segurança da sociedade e do Estado",4239.24,2014,7
20VF,33,"Informações protegidas por sigilo, nos termos da legislação, para garantia da segurança da sociedade e do Estado",4,3,25103,25000,2110,125,170339,,"Informações protegidas por sigilo, nos termos da legislação, para garantia da segurança da sociedade e do Estado","Informações protegidas por sigilo, nos termos da legislação, para garantia da segurança da sociedade e do Estado",,Fortalecimento Institucional,Passagens e Despesas com Locomoção,"Informações protegidas por sigilo, nos termos da legislação, para garantia da segurança da sociedade e do Estado",Administração,Outras Despesas Correntes,RECEITA FEDERAL DO BRASIL,MINISTERIO DA FAZENDA,Programa de Gestão e Manutenção do Ministério da Fazenda,Normatização e Fiscalização,COORDENACAO-GERAL DE PESQ.INVESTIGACAO DA RFB,"Informações protegidas por sigilo, nos termos da legislação, para garantia da segurança da sociedade e do Estado",874.82,2014,7
2000,39,"Informações protegidas por sigilo, nos termos da legislação, para garantia da segurança da sociedade e do Estado",4,3,25103,25000,2110,122,170339,,"Informações protegidas por sigilo, nos termos da legislação, para garantia da segurança da sociedade e do Estado","Informações protegidas por sigilo, nos termos da legislação, para garantia da segurança da sociedade e do Estado",Administração de unidade,Administração da Unidade,Outros Serviços de Terceiros - Pessoa Jurídica,"Informações protegidas por sigilo, nos termos da legislação, para garantia da segurança da sociedade e do Estado",Administração,Outras Despesas Correntes,RECEITA FEDERAL DO BRASIL,MINISTERIO DA FAZENDA,Programa de Gestão e Manutenção do Ministério da Fazenda,Administração Geral,COORDENACAO-GERAL DE PESQ.INVESTIGACAO DA RFB,"Informações protegidas por sigilo, nos termos da legislação, para garantia da segurança da sociedade e do Estado",0.16,2014,7
2866,30,"Informações protegidas por sigilo, nos termos da legislação, para garantia da segurança da sociedade e do Estado",5,3,52121,52000,2108,183,160016,,"Informações protegidas por sigilo, nos termos da legislação, para garantia da segurança da sociedade e do Estado","Informações protegidas por sigilo, nos termos da legislação, para garantia da segurança da sociedade e do Estado",,Ações de Caráter Sigiloso,Material de Consumo,"Informações protegidas por sigilo, nos termos da legislação, para garantia da segurança da sociedade e do Estado",Defesa Nacional,Outras Despesas Correntes,COMANDO DO EXERCITO,MINISTERIO DA DEFESA,Programa de Gestão e Manutenção do Ministério da Defesa,Informação e Inteligência,COMANDO DO COMANDO MILITAR DA AMAZONIA,"Informações protegidas por sigilo, nos termos da legislação, para garantia da segurança da sociedade e do Estado",5533.00,2014,7
2866,39,"Informações protegidas por sigilo, nos termos da legislação, para garantia da segurança da sociedade e do Estado",5,3,52121,52000,2108,183,160016,,"Informações protegidas por sigilo, nos termos da legislação, para garantia da segurança da sociedade e do Estado","Informações protegidas por sigilo, nos termos da legislação, para garantia da segurança da sociedade e do Estado",,Ações de Caráter Sigiloso,Outros Serviços de Terceiros - Pessoa Jurídica,"Informações protegidas por sigilo, nos termos da legislação, para garantia da segurança da sociedade e do Estado",Defesa Nacional,Outras Despesas Correntes,COMANDO DO EXERCITO,MINISTERIO DA DEFESA,Programa de Gestão e Manutenção do Ministério da Defesa,Informação e Inteligência,COMANDO DO COMANDO MILITAR DA AMAZONIA,"Informações protegidas por sigilo, nos termos da legislação, para garantia da segurança da sociedade e do Estado",4984.26,2014,7
2866,52,"Informações protegidas por sigilo, nos termos da legislação, para garantia da segurança da sociedade e do Estado",5,4,52121,52000,2108,183,160036,,"Informações protegidas por sigilo, nos termos da legislação, para garantia da segurança da sociedade e do Estado","Informações protegidas por sigilo, nos termos da legislação, para garantia da segurança da sociedade e do Estado",,Ações de Caráter Sigiloso,Equipamentos e Material Permanente,"Informações protegidas por sigilo, nos termos da legislação, para garantia da segurança da sociedade e do Estado",Defesa Nacional,Investimentos,COMANDO DO EXERCITO,MINISTERIO DA DEFESA,Programa de Gestão e Manutenção do Ministério da Defesa,Informação e Inteligência,COMANDO 6 REGIAO MILITAR,"Informações protegidas por sigilo, nos termos da legislação, para garantia da segurança da sociedade e do Estado",1576.58,2014,7
2000,30,"Informações protegidas por sigilo, nos termos da legislação, para garantia da segurança da sociedade e do Estado",5,3,52121,52000,2108,122,160062,,"Informações protegidas por sigilo, nos termos da legislação, para garantia da segurança da sociedade e do Estado","Informações protegidas por sigilo, nos termos da legislação, para garantia da segurança da sociedade e do Estado",Administração de unidade,Administração da Unidade,Material de Consumo,"Informações protegidas por sigilo, nos termos da legislação, para garantia da segurança da sociedade e do Estado",Defesa Nacional,Outras Despesas Correntes,COMANDO DO EXERCITO,MINISTERIO DA DEFESA,Programa de Gestão e Manutenção do Ministério da Defesa,Administração Geral,CENTRO DE INTELIGENCIA DO EXERCITO,"Informações protegidas por sigilo, nos termos da legislação, para garantia da segurança da sociedade e do Estado",10062.10,2014,7
20XK,30,"Informações protegidas por sigilo, nos termos da legislação, para garantia da segurança da sociedade e do Estado",5,3,52121,52000,2058,153,160062,,"Informações protegidas por sigilo, nos termos da legislação, para garantia da segurança da sociedade e do Estado","Informações protegidas por sigilo, nos termos da legislação, para garantia da segurança da sociedade e do Estado",,Logística Militar Terrestre,Material de Consumo,"Informações protegidas por sigilo, nos termos da legislação, para garantia da segurança da sociedade e do Estado",Defesa Nacional,Outras Despesas Correntes,COMANDO DO EXERCITO,MINISTERIO DA DEFESA,Política Nacional de Defesa,Defesa Terrestre,CENTRO DE INTELIGENCIA DO EXERCITO,"Informações protegidas por sigilo, nos termos da legislação, para garantia da segurança da sociedade e do Estado",1637.18,2014,7
2866,30,"Informações protegidas por sigilo, nos termos da legislação, para garantia da segurança da sociedade e do Estado",5,3,52121,52000,2108,183,160062,,"Informações protegidas por sigilo, nos termos da legislação, para garantia da segurança da sociedade e do Estado","Informações protegidas por sigilo, nos termos da legislação, para garantia da segurança da sociedade e do Estado",,Ações de Caráter Sigiloso,Material de Consumo,"Informações protegidas por sigilo, nos termos da legislação, para garantia da segurança da sociedade e do Estado",Defesa Nacional,Outras Despesas Correntes,COMANDO DO EXERCITO,MINISTERIO DA DEFESA,Programa de Gestão e Manutenção do Ministério da Defesa,Informação e Inteligência,CENTRO DE INTELIGENCIA DO EXERCITO,"Informações protegidas por sigilo, nos termos da legislação, para garantia da segurança da sociedade e do Estado",165.00,2014,7
2000,39,"Informações protegidas por sigilo, nos termos da legislação, para garantia da segurança da sociedade e do Estado",5,3,52121,52000,2108,122,160062,,"Informações protegidas por sigilo, nos termos da legislação, para garantia da segurança da sociedade e do Estado","Informações protegidas por sigilo, nos termos da legislação, para garantia da segurança da sociedade e do Estado",Administração de unidade,Administração da Unidade,Outros Serviços de Terceiros - Pessoa Jurídica,"Informações protegidas por sigilo, nos termos da legislação, para garantia da segurança da sociedade e do Estado",Defesa Nacional,Outras Despesas Correntes,COMANDO DO EXERCITO,MINISTERIO DA DEFESA,Programa de Gestão e Manutenção do Ministério da Defesa,Administração Geral,CENTRO DE INTELIGENCIA DO EXERCITO,"Informações protegidas por sigilo, nos termos da legislação, para garantia da segurança da sociedade e do Estado",527476.34,2014,7
8965,39,"Informações protegidas por sigilo, nos termos da legislação, para garantia da segurança da sociedade e do Estado",5,3,52121,52000,2058,128,160062,,"Informações protegidas por sigilo, nos termos da legislação, para garantia da segurança da sociedade e do Estado","Informações protegidas por sigilo, nos termos da legislação, para garantia da segurança da sociedade e do Estado",,Capacitação Profissional Militar do Exército Brasileiro,Outros Serviços de Terceiros - Pessoa Jurídica,"Informações protegidas por sigilo, nos termos da legislação, para garantia da segurança da sociedade e do Estado",Defesa Nacional,Outras Despesas Correntes,COMANDO DO EXERCITO,MINISTERIO DA DEFESA,Política Nacional de Defesa,Formação de Recursos Humanos,CENTRO DE INTELIGENCIA DO EXERCITO,"Informações protegidas por sigilo, nos termos da legislação, para garantia da segurança da sociedade e do Estado",11844.50,2014,7
20PY,39,"Informações protegidas por sigilo, nos termos da legislação, para garantia da segurança da sociedade e do Estado",5,3,52121,52000,2058,153,160062,,"Informações protegidas por sigilo, nos termos da legislação, para garantia da segurança da sociedade e do Estado","Informações protegidas por sigilo, nos termos da legislação, para garantia da segurança da sociedade e do Estado",,Adequação de Organizações Militares do Exército,Outros Serviços de Terceiros - Pessoa Jurídica,"Informações protegidas por sigilo, nos termos da legislação, para garantia da segurança da sociedade e do Estado",Defesa Nacional,Outras Despesas Correntes,COMANDO DO EXERCITO,MINISTERIO DA DEFESA,Política Nacional de Defesa,Defesa Terrestre,CENTRO DE INTELIGENCIA DO EXERCITO,"Informações protegidas por sigilo, nos termos da legislação, para garantia da segurança da sociedade e do Estado",36735.00,2014,7
20X7,39,"Informações protegidas por sigilo, nos termos da legislação, para garantia da segurança da sociedade e do Estado",5,3,52121,52000,2058,153,160062,,"Informações protegidas por sigilo, nos termos da legislação, para garantia da segurança da sociedade e do Estado","Informações protegidas por sigilo, nos termos da legislação, para garantia da segurança da sociedade e do Estado",,Emprego Conjunto ou Combinado das Forças Armadas,Outros Serviços de Terceiros - Pessoa Jurídica,"Informações protegidas por sigilo, nos termos da legislação, para garantia da segurança da sociedade e do Estado",Defesa Nacional,Outras Despesas Correntes,COMANDO DO EXERCITO,MINISTERIO DA DEFESA,Política Nacional de Defesa,Defesa Terrestre,CENTRO DE INTELIGENCIA DO EXERCITO,"Informações protegidas por sigilo, nos termos da legislação, para garantia da segurança da sociedade e do Estado",389528.27,2014,7
20XK,39,"Informações protegidas por sigilo, nos termos da legislação, para garantia da segurança da sociedade e do Estado",5,3,52121,52000,2058,153,160062,,"Informações protegidas por sigilo, nos termos da legislação, para garantia da segurança da sociedade e do Estado","Informações protegidas por sigilo, nos termos da legislação, para garantia da segurança da sociedade e do Estado",,Logística Militar Terrestre,Outros Serviços de Terceiros - Pessoa Jurídica,"Informações protegidas por sigilo, nos termos da legislação, para garantia da segurança da sociedade e do Estado",Defesa Nacional,Outras Despesas Correntes,COMANDO DO EXERCITO,MINISTERIO DA DEFESA,Política Nacional de Defesa,Defesa Terrestre,CENTRO DE INTELIGENCIA DO EXERCITO,"Informações protegidas por sigilo, nos termos da legislação, para garantia da segurança da sociedade e do Estado",5186.98,2014,7
2866,39,"Informações protegidas por sigilo, nos termos da legislação, para garantia da segurança da sociedade e do Estado",5,3,52121,52000,2108,183,160062,,"Informações protegidas por sigilo, nos termos da legislação, para garantia da segurança da sociedade e do Estado","Informações protegidas por sigilo, nos termos da legislação, para garantia da segurança da sociedade e do Estado",,Ações de Caráter Sigiloso,Outros Serviços de Terceiros - Pessoa Jurídica,"Informações protegidas por sigilo, nos termos da legislação, para garantia da segurança da sociedade e do Estado",Defesa Nacional,Outras Despesas Correntes,COMANDO DO EXERCITO,MINISTERIO DA DEFESA,Programa de Gestão e Manutenção do Ministério da Defesa,Informação e Inteligência,CENTRO DE INTELIGENCIA DO EXERCITO,"Informações protegidas por sigilo, nos termos da legislação, para garantia da segurança da sociedade e do Estado",13637.26,2014,7
2866,39,"Informações protegidas por sigilo, nos termos da legislação, para garantia da segurança da sociedade e do Estado",5,4,52121,52000,2108,183,160062,,"Informações protegidas por sigilo, nos termos da legislação, para garantia da segurança da sociedade e do Estado","Informações protegidas por sigilo, nos termos da legislação, para garantia da segurança da sociedade e do Estado",,Ações de Caráter Sigiloso,Outros Serviços de Terceiros - Pessoa Jurídica,"Informações protegidas por sigilo, nos termos da legislação, para garantia da segurança da sociedade e do Estado",Defesa Nacional,Investimentos,COMANDO DO EXERCITO,MINISTERIO DA DEFESA,Programa de Gestão e Manutenção do Ministério da Defesa,Informação e Inteligência,CENTRO DE INTELIGENCIA DO EXERCITO,"Informações protegidas por sigilo, nos termos da legislação, para garantia da segurança da sociedade e do Estado",17221.00,2014,7
20X1,39,"Informações protegidas por sigilo, nos termos da legislação, para garantia da segurança da sociedade e do Estado",5,4,52121,52000,2057,212,160062,,"Informações protegidas por sigilo, nos termos da legislação, para garantia da segurança da sociedade e do Estado","Informações protegidas por sigilo, nos termos da legislação, para garantia da segurança da sociedade e do Estado",,Participação Brasileira em Missões de Paz,Outros Serviços de Terceiros - Pessoa Jurídica,"Informações protegidas por sigilo, nos termos da legislação, para garantia da segurança da sociedade e do Estado",Defesa Nacional,Investimentos,COMANDO DO EXERCITO,MINISTERIO DA DEFESA,Política Externa,Cooperação Internacional,CENTRO DE INTELIGENCIA DO EXERCITO,"Informações protegidas por sigilo, nos termos da legislação, para garantia da segurança da sociedade e do Estado",44997.00,2014,7
2000,52,"Informações protegidas por sigilo, nos termos da legislação, para garantia da segurança da sociedade e do Estado",5,4,52121,52000,2108,122,160062,,"Informações protegidas por sigilo, nos termos da legislação, para garantia da segurança da sociedade e do Estado","Informações protegidas por sigilo, nos termos da legislação, para garantia da segurança da sociedade e do Estado",Administração de unidade,Administração da Unidade,Equipamentos e Material Permanente,"Informações protegidas por sigilo, nos termos da legislação, para garantia da segurança da sociedade e do Estado",Defesa Nacional,Investimentos,COMANDO DO EXERCITO,MINISTERIO DA DEFESA,Programa de Gestão e Manutenção do Ministério da Defesa,Administração Geral,CENTRO DE INTELIGENCIA DO EXERCITO,"Informações protegidas por sigilo, nos termos da legislação, para garantia da segurança da sociedade e do Estado",387523.00,2014,7
147F,52,"Informações protegidas por sigilo, nos termos da legislação, para garantia da segurança da sociedade e do Estado",5,4,52121,52000,2058,126,160062,,"Informações protegidas por sigilo, nos termos da legislação, para garantia da segurança da sociedade e do Estado","Informações protegidas por sigilo, nos termos da legislação, para garantia da segurança da sociedade e do Estado",,Implantação do Sistema de Defesa Cibernética,Equipamentos e Material Permanente,"Informações protegidas por sigilo, nos termos da legislação, para garantia da segurança da sociedade e do Estado",Defesa Nacional,Investimentos,COMANDO DO EXERCITO,MINISTERIO DA DEFESA,Política Nacional de Defesa,Tecnologia da Informação,CENTRO DE INTELIGENCIA DO EXERCITO,"Informações protegidas por sigilo, nos termos da legislação, para garantia da segurança da sociedade e do Estado",187250.00,2014,7
8965,52,"Informações protegidas por sigilo, nos termos da legislação, para garantia da segurança da sociedade e do Estado",5,4,52121,52000,2058,128,160062,,"Informações protegidas por sigilo, nos termos da legislação, para garantia da segurança da sociedade e do Estado","Informações protegidas por sigilo, nos termos da legislação, para garantia da segurança da sociedade e do Estado",,Capacitação Profissional Militar do Exército Brasileiro,Equipamentos e Material Permanente,"Informações protegidas por sigilo, nos termos da legislação, para garantia da segurança da sociedade e do Estado",Defesa Nacional,Investimentos,COMANDO DO EXERCITO,MINISTERIO DA DEFESA,Política Nacional de Defesa,Formação de Recursos Humanos,CENTRO DE INTELIGENCIA DO EXERCITO,"Informações protegidas por sigilo, nos termos da legislação, para garantia da segurança da sociedade e do Estado",19137.00,2014,7
14VW,52,"Informações protegidas por sigilo, nos termos da legislação, para garantia da segurança da sociedade e do Estado",5,4,52121,52000,2058,153,160062,,"Informações protegidas por sigilo, nos termos da legislação, para garantia da segurança da sociedade e do Estado","Informações protegidas por sigilo, nos termos da legislação, para garantia da segurança da sociedade e do Estado",,Apoio Logístico às Forças de Segurança Pública do Estado do Rio de Janeiro,Equipamentos e Material Permanente,"Informações protegidas por sigilo, nos termos da legislação, para garantia da segurança da sociedade e do Estado",Defesa Nacional,Investimentos,COMANDO DO EXERCITO,MINISTERIO DA DEFESA,Política Nacional de Defesa,Defesa Terrestre,CENTRO DE INTELIGENCIA DO EXERCITO,"Informações protegidas por sigilo, nos termos da legislação, para garantia da segurança da sociedade e do Estado",2485.00,2014,7
2866,52,"Informações protegidas por sigilo, nos termos da legislação, para garantia da segurança da sociedade e do Estado",5,4,52121,52000,2108,183,160062,,"Informações protegidas por sigilo, nos termos da legislação, para garantia da segurança da sociedade e do Estado","Informações protegidas por sigilo, nos termos da legislação, para garantia da segurança da sociedade e do Estado",,Ações de Caráter Sigiloso,Equipamentos e Material Permanente,"Informações protegidas por sigilo, nos termos da legislação, para garantia da segurança da sociedade e do Estado",Defesa Nacional,Investimentos,COMANDO DO EXERCITO,MINISTERIO DA DEFESA,Programa de Gestão e Manutenção do Ministério da Defesa,Informação e Inteligência,CENTRO DE INTELIGENCIA DO EXERCITO,"Informações protegidas por sigilo, nos termos da legislação, para garantia da segurança da sociedade e do Estado",13734.00,2014,7
2866,30,"Informações protegidas por sigilo, nos termos da legislação, para garantia da segurança da sociedade e do Estado",5,3,52121,52000,2108,183,160111,,"Informações protegidas por sigilo, nos termos da legislação, para garantia da segurança da sociedade e do Estado","Informações protegidas por sigilo, nos termos da legislação, para garantia da segurança da sociedade e do Estado",,Ações de Caráter Sigiloso,Material de Consumo,"Informações protegidas por sigilo, nos termos da legislação, para garantia da segurança da sociedade e do Estado",Defesa Nacional,Outras Despesas Correntes,COMANDO DO EXERCITO,MINISTERIO DA DEFESA,Programa de Gestão e Manutenção do Ministério da Defesa,Informação e Inteligência,COMANDO DA 4A BDA DE INFANTARIA LEVE MONTANHA,"Informações protegidas por sigilo, nos termos da legislação, para garantia da segurança da sociedade e do Estado",235.00,2014,7
2866,52,"Informações protegidas por sigilo, nos termos da legislação, para garantia da segurança da sociedade e do Estado",5,4,52121,52000,2108,183,160111,,"Informações protegidas por sigilo, nos termos da legislação, para garantia da segurança da sociedade e do Estado","Informações protegidas por sigilo, nos termos da legislação, para garantia da segurança da sociedade e do Estado",,Ações de Caráter Sigiloso,Equipamentos e Material Permanente,"Informações protegidas por sigilo, nos termos da legislação, para garantia da segurança da sociedade e do Estado",Defesa Nacional,Investimentos,COMANDO DO EXERCITO,MINISTERIO DA DEFESA,Programa de Gestão e Manutenção do Ministério da Defesa,Informação e Inteligência,COMANDO DA 4A BDA DE INFANTARIA LEVE MONTANHA,"Informações protegidas por sigilo, nos termos da legislação, para garantia da segurança da sociedade e do Estado",963.79,2014,7
2866,30,"Informações protegidas por sigilo, nos termos da legislação, para garantia da segurança da sociedade e do Estado",5,3,52121,52000,2108,183,160118,,"Informações protegidas por sigilo, nos termos da legislação, para garantia da segurança da sociedade e do Estado","Informações protegidas por sigilo, nos termos da legislação, para garantia da segurança da sociedade e do Estado",,Ações de Caráter Sigiloso,Material de Consumo,"Informações protegidas por sigilo, nos termos da legislação, para garantia da segurança da sociedade e do Estado",Defesa Nacional,Outras Despesas Correntes,COMANDO DO EXERCITO,MINISTERIO DA DEFESA,Programa de Gestão e Manutenção do Ministério da Defesa,Informação e Inteligência,COMANDO DA 4ª REGIÃO MILITAR,"Informações protegidas por sigilo, nos termos da legislação, para garantia da segurança da sociedade e do Estado",4979.55,2014,7
2866,39,"Informações protegidas por sigilo, nos termos da legislação, para garantia da segurança da sociedade e do Estado",5,3,52121,52000,2108,183,160118,,"Informações protegidas por sigilo, nos termos da legislação, para garantia da segurança da sociedade e do Estado","Informações protegidas por sigilo, nos termos da legislação, para garantia da segurança da sociedade e do Estado",,Ações de Caráter Sigiloso,Outros Serviços de Terceiros - Pessoa Jurídica,"Informações protegidas por sigilo, nos termos da legislação, para garantia da segurança da sociedade e do Estado",Defesa Nacional,Outras Despesas Correntes,COMANDO DO EXERCITO,MINISTERIO DA DEFESA,Programa de Gestão e Manutenção do Ministério da Defesa,Informação e Inteligência,COMANDO DA 4ª REGIÃO MILITAR,"Informações protegidas por sigilo, nos termos da legislação, para garantia da segurança da sociedade e do Estado",561.48,2014,7
2866,30,"Informações protegidas por sigilo, nos termos da legislação, para garantia da segurança da sociedade e do Estado",5,3,52121,52000,2108,183,160146,,"Informações protegidas por sigilo, nos termos da legislação, para garantia da segurança da sociedade e do Estado","Informações protegidas por sigilo, nos termos da legislação, para garantia da segurança da sociedade e do Estado",,Ações de Caráter Sigiloso,Material de Consumo,"Informações protegidas por sigilo, nos termos da legislação, para garantia da segurança da sociedade e do Estado",Defesa Nacional,Outras Despesas Correntes,COMANDO DO EXERCITO,MINISTERIO DA DEFESA,Programa de Gestão e Manutenção do Ministério da Defesa,Informação e Inteligência,COMANDO DA 18 BRIGADA DE INF FRONTEIRA,"Informações protegidas por sigilo, nos termos da legislação, para garantia da segurança da sociedade e do Estado",1654.61,2014,7
2866,39,"Informações protegidas por sigilo, nos termos da legislação, para garantia da segurança da sociedade e do Estado",5,3,52121,52000,2108,183,160146,,"Informações protegidas por sigilo, nos termos da legislação, para garantia da segurança da sociedade e do Estado","Informações protegidas por sigilo, nos termos da legislação, para garantia da segurança da sociedade e do Estado",,Ações de Caráter Sigiloso,Outros Serviços de Terceiros - Pessoa Jurídica,"Informações protegidas por sigilo, nos termos da legislação, para garantia da segurança da sociedade e do Estado",Defesa Nacional,Outras Despesas Correntes,COMANDO DO EXERCITO,MINISTERIO DA DEFESA,Programa de Gestão e Manutenção do Ministério da Defesa,Informação e Inteligência,COMANDO DA 18 BRIGADA DE INF FRONTEIRA,"Informações protegidas por sigilo, nos termos da legislação, para garantia da segurança da sociedade e do Estado",170.00,2014,7
2866,30,"Informações protegidas por sigilo, nos termos da legislação, para garantia da segurança da sociedade e do Estado",5,3,52121,52000,2108,183,160148,,"Informações protegidas por sigilo, nos termos da legislação, para garantia da segurança da sociedade e do Estado","Informações protegidas por sigilo, nos termos da legislação, para garantia da segurança da sociedade e do Estado",,Ações de Caráter Sigiloso,Material de Consumo,"Informações protegidas por sigilo, nos termos da legislação, para garantia da segurança da sociedade e do Estado",Defesa Nacional,Outras Despesas Correntes,COMANDO DO EXERCITO,MINISTERIO DA DEFESA,Programa de Gestão e Manutenção do Ministério da Defesa,Informação e Inteligência,BASE DE ADMINISTRAÇÃO E APOIO DO CMP,"Informações protegidas por sigilo, nos termos da legislação, para garantia da segurança da sociedade e do Estado",4600.40,2014,7
2866,52,"Informações protegidas por sigilo, nos termos da legislação, para garantia da segurança da sociedade e do Estado",5,4,52121,52000,2108,183,160148,,"Informações protegidas por sigilo, nos termos da legislação, para garantia da segurança da sociedade e do Estado","Informações protegidas por sigilo, nos termos da legislação, para garantia da segurança da sociedade e do Estado",,Ações de Caráter Sigiloso,Equipamentos e Material Permanente,"Informações protegidas por sigilo, nos termos da legislação, para garantia da segurança da sociedade e do Estado",Defesa Nacional,Investimentos,COMANDO DO EXERCITO,MINISTERIO DA DEFESA,Programa de Gestão e Manutenção do Ministério da Defesa,Informação e Inteligência,BASE DE ADMINISTRAÇÃO E APOIO DO CMP,"Informações protegidas por sigilo, nos termos da legislação, para garantia da segurança da sociedade e do Estado",3729.90,2014,7
2866,30,"Informações protegidas por sigilo, nos termos da legislação, para garantia da segurança da sociedade e do Estado",5,3,52121,52000,2108,183,160158,,"Informações protegidas por sigilo, nos termos da legislação, para garantia da segurança da sociedade e do Estado","Informações protegidas por sigilo, nos termos da legislação, para garantia da segurança da sociedade e do Estado",,Ações de Caráter Sigiloso,Material de Consumo,"Informações protegidas por sigilo, nos termos da legislação, para garantia da segurança da sociedade e do Estado",Defesa Nacional,Outras Despesas Correntes,COMANDO DO EXERCITO,MINISTERIO DA DEFESA,Programa de Gestão e Manutenção do Ministério da Defesa,Informação e Inteligência,COMANDO 13  BDA DE INFANTARIA MOTORIZADA,"Informações protegidas por sigilo, nos termos da legislação, para garantia da segurança da sociedade e do Estado",133.18,2014,7
2866,30,"Informações protegidas por sigilo, nos termos da legislação, para garantia da segurança da sociedade e do Estado",5,3,52121,52000,2108,183,160163,,"Informações protegidas por sigilo, nos termos da legislação, para garantia da segurança da sociedade e do Estado","Informações protegidas por sigilo, nos termos da legislação, para garantia da segurança da sociedade e do Estado",,Ações de Caráter Sigiloso,Material de Consumo,"Informações protegidas por sigilo, nos termos da legislação, para garantia da segurança da sociedade e do Estado",Defesa Nacional,Outras Despesas Correntes,COMANDO DO EXERCITO,MINISTERIO DA DEFESA,Programa de Gestão e Manutenção do Ministério da Defesa,Informação e Inteligência,COMANDO DA 8 REGIAO MILITAR/8 DE,"Informações protegidas por sigilo, nos termos da legislação, para garantia da segurança da sociedade e do Estado",7980.12,2014,7
2866,52,"Informações protegidas por sigilo, nos termos da legislação, para garantia da segurança da sociedade e do Estado",5,4,52121,52000,2108,183,160163,,"Informações protegidas por sigilo, nos termos da legislação, para garantia da segurança da sociedade e do Estado","Informações protegidas por sigilo, nos termos da legislação, para garantia da segurança da sociedade e do Estado",,Ações de Caráter Sigiloso,Equipamentos e Material Permanente,"Informações protegidas por sigilo, nos termos da legislação, para garantia da segurança da sociedade e do Estado",Defesa Nacional,Investimentos,COMANDO DO EXERCITO,MINISTERIO DA DEFESA,Programa de Gestão e Manutenção do Ministério da Defesa,Informação e Inteligência,COMANDO DA 8 REGIAO MILITAR/8 DE,"Informações protegidas por sigilo, nos termos da legislação, para garantia da segurança da sociedade e do Estado",1979.95,2014,7
2866,52,"Informações protegidas por sigilo, nos termos da legislação, para garantia da segurança da sociedade e do Estado",5,4,52121,52000,2108,183,160195,,"Informações protegidas por sigilo, nos termos da legislação, para garantia da segurança da sociedade e do Estado","Informações protegidas por sigilo, nos termos da legislação, para garantia da segurança da sociedade e do Estado",,Ações de Caráter Sigiloso,Equipamentos e Material Permanente,"Informações protegidas por sigilo, nos termos da legislação, para garantia da segurança da sociedade e do Estado",Defesa Nacional,Investimentos,COMANDO DO EXERCITO,MINISTERIO DA DEFESA,Programa de Gestão e Manutenção do Ministério da Defesa,Informação e Inteligência,COMANDO DO COMANDO MILITAR DO NORDESTE,"Informações protegidas por sigilo, nos termos da legislação, para garantia da segurança da sociedade e do Estado",1211.00,2014,7
2866,39,"Informações protegidas por sigilo, nos termos da legislação, para garantia da segurança da sociedade e do Estado",5,3,52121,52000,2108,183,160209,,"Informações protegidas por sigilo, nos termos da legislação, para garantia da segurança da sociedade e do Estado","Informações protegidas por sigilo, nos termos da legislação, para garantia da segurança da sociedade e do Estado",,Ações de Caráter Sigiloso,Outros Serviços de Terceiros - Pessoa Jurídica,"Informações protegidas por sigilo, nos termos da legislação, para garantia da segurança da sociedade e do Estado",Defesa Nacional,Outras Despesas Correntes,COMANDO DO EXERCITO,MINISTERIO DA DEFESA,Programa de Gestão e Manutenção do Ministério da Defesa,Informação e Inteligência,COMANDO 15 BRIGADA DE INFANTARIA MECANIZADA,"Informações protegidas por sigilo, nos termos da legislação, para garantia da segurança da sociedade e do Estado",546.16,2014,7
2866,30,"Informações protegidas por sigilo, nos termos da legislação, para garantia da segurança da sociedade e do Estado",5,3,52121,52000,2108,183,160219,,"Informações protegidas por sigilo, nos termos da legislação, para garantia da segurança da sociedade e do Estado","Informações protegidas por sigilo, nos termos da legislação, para garantia da segurança da sociedade e do Estado",,Ações de Caráter Sigiloso,Material de Consumo,"Informações protegidas por sigilo, nos termos da legislação, para garantia da segurança da sociedade e do Estado",Defesa Nacional,Outras Despesas Correntes,COMANDO DO EXERCITO,MINISTERIO DA DEFESA,Programa de Gestão e Manutenção do Ministério da Defesa,Informação e Inteligência,COMANDO 5A REGIAO MILITAR,"Informações protegidas por sigilo, nos termos da legislação, para garantia da segurança da sociedade e do Estado",1290.56,2014,7
2866,52,"Informações protegidas por sigilo, nos termos da legislação, para garantia da segurança da sociedade e do Estado",5,4,52121,52000,2108,183,160233,,"Informações protegidas por sigilo, nos termos da legislação, para garantia da segurança da sociedade e do Estado","Informações protegidas por sigilo, nos termos da legislação, para garantia da segurança da sociedade e do Estado",,Ações de Caráter Sigiloso,Equipamentos e Material Permanente,"Informações protegidas por sigilo, nos termos da legislação, para garantia da segurança da sociedade e do Estado",Defesa Nacional,Investimentos,COMANDO DO EXERCITO,MINISTERIO DA DEFESA,Programa de Gestão e Manutenção do Ministério da Defesa,Informação e Inteligência,COMANDO 5º BRIGADA DE CAVALARIA BLINDADA,"Informações protegidas por sigilo, nos termos da legislação, para garantia da segurança da sociedade e do Estado",1659.96,2014,7
2866,52,"Informações protegidas por sigilo, nos termos da legislação, para garantia da segurança da sociedade e do Estado",5,4,52121,52000,2108,183,160244,,"Informações protegidas por sigilo, nos termos da legislação, para garantia da segurança da sociedade e do Estado","Informações protegidas por sigilo, nos termos da legislação, para garantia da segurança da sociedade e do Estado",,Ações de Caráter Sigiloso,Equipamentos e Material Permanente,"Informações protegidas por sigilo, nos termos da legislação, para garantia da segurança da sociedade e do Estado",Defesa Nacional,Investimentos,COMANDO DO EXERCITO,MINISTERIO DA DEFESA,Programa de Gestão e Manutenção do Ministério da Defesa,Informação e Inteligência,COMANDO DE ARTILHARIA DIVISIONARIA DA 1 DE,"Informações protegidas por sigilo, nos termos da legislação, para garantia da segurança da sociedade e do Estado",1800.00,2014,7
2866,30,"Informações protegidas por sigilo, nos termos da legislação, para garantia da segurança da sociedade e do Estado",5,3,52121,52000,2108,183,160344,,"Informações protegidas por sigilo, nos termos da legislação, para garantia da segurança da sociedade e do Estado","Informações protegidas por sigilo, nos termos da legislação, para garantia da segurança da sociedade e do Estado",,Ações de Caráter Sigiloso,Material de Consumo,"Informações protegidas por sigilo, nos termos da legislação, para garantia da segurança da sociedade e do Estado",Defesa Nacional,Outras Despesas Correntes,COMANDO DO EXERCITO,MINISTERIO DA DEFESA,Programa de Gestão e Manutenção do Ministério da Defesa,Informação e Inteligência,COMANDO 7 BRIGADA DE INFANTARIA MOTORIZADA,"Informações protegidas por sigilo, nos termos da legislação, para garantia da segurança da sociedade e do Estado",80.00,2014,7
2866,39,"Informações protegidas por sigilo, nos termos da legislação, para garantia da segurança da sociedade e do Estado",5,3,52121,52000,2108,183,160349,,"Informações protegidas por sigilo, nos termos da legislação, para garantia da segurança da sociedade e do Estado","Informações protegidas por sigilo, nos termos da legislação, para garantia da segurança da sociedade e do Estado",,Ações de Caráter Sigiloso,Outros Serviços de Terceiros - Pessoa Jurídica,"Informações protegidas por sigilo, nos termos da legislação, para garantia da segurança da sociedade e do Estado",Defesa Nacional,Outras Despesas Correntes,COMANDO DO EXERCITO,MINISTERIO DA DEFESA,Programa de Gestão e Manutenção do Ministério da Defesa,Informação e Inteligência,COMANDO DA 17 BRIGADA DE INFANTARIA DE SELVA,"Informações protegidas por sigilo, nos termos da legislação, para garantia da segurança da sociedade e do Estado",5955.00,2014,7
2866,30,"Informações protegidas por sigilo, nos termos da legislação, para garantia da segurança da sociedade e do Estado",5,3,52121,52000,2108,183,160364,,"Informações protegidas por sigilo, nos termos da legislação, para garantia da segurança da sociedade e do Estado","Informações protegidas por sigilo, nos termos da legislação, para garantia da segurança da sociedade e do Estado",,Ações de Caráter Sigiloso,Material de Consumo,"Informações protegidas por sigilo, nos termos da legislação, para garantia da segurança da sociedade e do Estado",Defesa Nacional,Outras Despesas Correntes,COMANDO DO EXERCITO,MINISTERIO DA DEFESA,Programa de Gestão e Manutenção do Ministério da Defesa,Informação e Inteligência,COMANDO 3 BRIGADA DE CAVALARIA MECANIZADA,"Informações protegidas por sigilo, nos termos da legislação, para garantia da segurança da sociedade e do Estado",4821.65,2014,7
2866,52,"Informações protegidas por sigilo, nos termos da legislação, para garantia da segurança da sociedade e do Estado",5,4,52121,52000,2108,183,160364,,"Informações protegidas por sigilo, nos termos da legislação, para garantia da segurança da sociedade e do Estado","Informações protegidas por sigilo, nos termos da legislação, para garantia da segurança da sociedade e do Estado",,Ações de Caráter Sigiloso,Equipamentos e Material Permanente,"Informações protegidas por sigilo, nos termos da legislação, para garantia da segurança da sociedade e do Estado",Defesa Nacional,Investimentos,COMANDO DO EXERCITO,MINISTERIO DA DEFESA,Programa de Gestão e Manutenção do Ministério da Defesa,Informação e Inteligência,COMANDO 3 BRIGADA DE CAVALARIA MECANIZADA,"Informações protegidas por sigilo, nos termos da legislação, para garantia da segurança da sociedade e do Estado",430.00,2014,7
2866,30,"Informações protegidas por sigilo, nos termos da legislação, para garantia da segurança da sociedade e do Estado",5,3,52121,52000,2108,183,160380,,"Informações protegidas por sigilo, nos termos da legislação, para garantia da segurança da sociedade e do Estado","Informações protegidas por sigilo, nos termos da legislação, para garantia da segurança da sociedade e do Estado",,Ações de Caráter Sigiloso,Material de Consumo,"Informações protegidas por sigilo, nos termos da legislação, para garantia da segurança da sociedade e do Estado",Defesa Nacional,Outras Despesas Correntes,COMANDO DO EXERCITO,MINISTERIO DA DEFESA,Programa de Gestão e Manutenção do Ministério da Defesa,Informação e Inteligência,COMANDO 8 BRIGADA DE INFANTARIA MOTORIZADA,"Informações protegidas por sigilo, nos termos da legislação, para garantia da segurança da sociedade e do Estado",959.70,2014,7
2866,30,"Informações protegidas por sigilo, nos termos da legislação, para garantia da segurança da sociedade e do Estado",5,3,52121,52000,2108,183,160395,,"Informações protegidas por sigilo, nos termos da legislação, para garantia da segurança da sociedade e do Estado","Informações protegidas por sigilo, nos termos da legislação, para garantia da segurança da sociedade e do Estado",,Ações de Caráter Sigiloso,Material de Consumo,"Informações protegidas por sigilo, nos termos da legislação, para garantia da segurança da sociedade e do Estado",Defesa Nacional,Outras Despesas Correntes,COMANDO DO EXERCITO,MINISTERIO DA DEFESA,Programa de Gestão e Manutenção do Ministério da Defesa,Informação e Inteligência,COMANDO DO COMANDO MILITAR DO SUL,"Informações protegidas por sigilo, nos termos da legislação, para garantia da segurança da sociedade e do Estado",4088.50,2014,7
2866,30,"Informações protegidas por sigilo, nos termos da legislação, para garantia da segurança da sociedade e do Estado",5,3,52121,52000,2108,183,160413,,"Informações protegidas por sigilo, nos termos da legislação, para garantia da segurança da sociedade e do Estado","Informações protegidas por sigilo, nos termos da legislação, para garantia da segurança da sociedade e do Estado",,Ações de Caráter Sigiloso,Material de Consumo,"Informações protegidas por sigilo, nos termos da legislação, para garantia da segurança da sociedade e do Estado",Defesa Nacional,Outras Despesas Correntes,COMANDO DO EXERCITO,MINISTERIO DA DEFESA,Programa de Gestão e Manutenção do Ministério da Defesa,Informação e Inteligência,CMDO 3 DIVISAO DE EXERCITO,"Informações protegidas por sigilo, nos termos da legislação, para garantia da segurança da sociedade e do Estado",5982.89,2014,7
2866,39,"Informações protegidas por sigilo, nos termos da legislação, para garantia da segurança da sociedade e do Estado",5,3,52121,52000,2108,183,160413,,"Informações protegidas por sigilo, nos termos da legislação, para garantia da segurança da sociedade e do Estado","Informações protegidas por sigilo, nos termos da legislação, para garantia da segurança da sociedade e do Estado",,Ações de Caráter Sigiloso,Outros Serviços de Terceiros - Pessoa Jurídica,"Informações protegidas por sigilo, nos termos da legislação, para garantia da segurança da sociedade e do Estado",Defesa Nacional,Outras Despesas Correntes,COMANDO DO EXERCITO,MINISTERIO DA DEFESA,Programa de Gestão e Manutenção do Ministério da Defesa,Informação e Inteligência,CMDO 3 DIVISAO DE EXERCITO,"Informações protegidas por sigilo, nos termos da legislação, para garantia da segurança da sociedade e do Estado",5444.32,2014,7
2866,30,"Informações protegidas por sigilo, nos termos da legislação, para garantia da segurança da sociedade e do Estado",5,3,52121,52000,2108,183,160422,,"Informações protegidas por sigilo, nos termos da legislação, para garantia da segurança da sociedade e do Estado","Informações protegidas por sigilo, nos termos da legislação, para garantia da segurança da sociedade e do Estado",,Ações de Caráter Sigiloso,Material de Consumo,"Informações protegidas por sigilo, nos termos da legislação, para garantia da segurança da sociedade e do Estado",Defesa Nacional,Outras Despesas Correntes,COMANDO DO EXERCITO,MINISTERIO DA DEFESA,Programa de Gestão e Manutenção do Ministério da Defesa,Informação e Inteligência,COMANDO 1 BRIGADA DE CAVALARIA MECANIZADA,"Informações protegidas por sigilo, nos termos da legislação, para garantia da segurança da sociedade e do Estado",5996.57,2014,7
2866,39,"Informações protegidas por sigilo, nos termos da legislação, para garantia da segurança da sociedade e do Estado",5,3,52121,52000,2108,183,160422,,"Informações protegidas por sigilo, nos termos da legislação, para garantia da segurança da sociedade e do Estado","Informações protegidas por sigilo, nos termos da legislação, para garantia da segurança da sociedade e do Estado",,Ações de Caráter Sigiloso,Outros Serviços de Terceiros - Pessoa Jurídica,"Informações protegidas por sigilo, nos termos da legislação, para garantia da segurança da sociedade e do Estado",Defesa Nacional,Outras Despesas Correntes,COMANDO DO EXERCITO,MINISTERIO DA DEFESA,Programa de Gestão e Manutenção do Ministério da Defesa,Informação e Inteligência,COMANDO 1 BRIGADA DE CAVALARIA MECANIZADA,"Informações protegidas por sigilo, nos termos da legislação, para garantia da segurança da sociedade e do Estado",5259.00,2014,7
2866,52,"Informações protegidas por sigilo, nos termos da legislação, para garantia da segurança da sociedade e do Estado",5,4,52121,52000,2108,183,160422,,"Informações protegidas por sigilo, nos termos da legislação, para garantia da segurança da sociedade e do Estado","Informações protegidas por sigilo, nos termos da legislação, para garantia da segurança da sociedade e do Estado",,Ações de Caráter Sigiloso,Equipamentos e Material Permanente,"Informações protegidas por sigilo, nos termos da legislação, para garantia da segurança da sociedade e do Estado",Defesa Nacional,Investimentos,COMANDO DO EXERCITO,MINISTERIO DA DEFESA,Programa de Gestão e Manutenção do Ministério da Defesa,Informação e Inteligência,COMANDO 1 BRIGADA DE CAVALARIA MECANIZADA,"Informações protegidas por sigilo, nos termos da legislação, para garantia da segurança da sociedade e do Estado",4366.00,2014,7
2866,30,"Informações protegidas por sigilo, nos termos da legislação, para garantia da segurança da sociedade e do Estado",5,3,52121,52000,2108,183,160462,,"Informações protegidas por sigilo, nos termos da legislação, para garantia da segurança da sociedade e do Estado","Informações protegidas por sigilo, nos termos da legislação, para garantia da segurança da sociedade e do Estado",,Ações de Caráter Sigiloso,Material de Consumo,"Informações protegidas por sigilo, nos termos da legislação, para garantia da segurança da sociedade e do Estado",Defesa Nacional,Outras Despesas Correntes,COMANDO DO EXERCITO,MINISTERIO DA DEFESA,Programa de Gestão e Manutenção do Ministério da Defesa,Informação e Inteligência,COMANDO DA 12 BRIG.DE INFANT.LEVE (AEROMOVEL),"Informações protegidas por sigilo, nos termos da legislação, para garantia da segurança da sociedade e do Estado",779.00,2014,7
2866,52,"Informações protegidas por sigilo, nos termos da legislação, para garantia da segurança da sociedade e do Estado",5,4,52121,52000,2108,183,160462,,"Informações protegidas por sigilo, nos termos da legislação, para garantia da segurança da sociedade e do Estado","Informações protegidas por sigilo, nos termos da legislação, para garantia da segurança da sociedade e do Estado",,Ações de Caráter Sigiloso,Equipamentos e Material Permanente,"Informações protegidas por sigilo, nos termos da legislação, para garantia da segurança da sociedade e do Estado",Defesa Nacional,Investimentos,COMANDO DO EXERCITO,MINISTERIO DA DEFESA,Programa de Gestão e Manutenção do Ministério da Defesa,Informação e Inteligência,COMANDO DA 12 BRIG.DE INFANT.LEVE (AEROMOVEL),"Informações protegidas por sigilo, nos termos da legislação, para garantia da segurança da sociedade e do Estado",6714.80,2014,7
2866,39,"Informações protegidas por sigilo, nos termos da legislação, para garantia da segurança da sociedade e do Estado",5,3,52121,52000,2108,183,160466,,"Informações protegidas por sigilo, nos termos da legislação, para garantia da segurança da sociedade e do Estado","Informações protegidas por sigilo, nos termos da legislação, para garantia da segurança da sociedade e do Estado",,Ações de Caráter Sigiloso,Outros Serviços de Terceiros - Pessoa Jurídica,"Informações protegidas por sigilo, nos termos da legislação, para garantia da segurança da sociedade e do Estado",Defesa Nacional,Outras Despesas Correntes,COMANDO DO EXERCITO,MINISTERIO DA DEFESA,Programa de Gestão e Manutenção do Ministério da Defesa,Informação e Inteligência,COMANDO 11 BRIGADA INFANTARIA LEVE (GLO),"Informações protegidas por sigilo, nos termos da legislação, para garantia da segurança da sociedade e do Estado",4173.20,2014,7
2866,30,"Informações protegidas por sigilo, nos termos da legislação, para garantia da segurança da sociedade e do Estado",5,3,52121,52000,2108,183,160482,,"Informações protegidas por sigilo, nos termos da legislação, para garantia da segurança da sociedade e do Estado","Informações protegidas por sigilo, nos termos da legislação, para garantia da segurança da sociedade e do Estado",,Ações de Caráter Sigiloso,Material de Consumo,"Informações protegidas por sigilo, nos termos da legislação, para garantia da segurança da sociedade e do Estado",Defesa Nacional,Outras Despesas Correntes,COMANDO DO EXERCITO,MINISTERIO DA DEFESA,Programa de Gestão e Manutenção do Ministério da Defesa,Informação e Inteligência,COMANDO/1A BRIGADA DE INFANTARIA DE SELVA,"Informações protegidas por sigilo, nos termos da legislação, para garantia da segurança da sociedade e do Estado",6000.00,2014,7
2866,39,"Informações protegidas por sigilo, nos termos da legislação, para garantia da segurança da sociedade e do Estado",5,3,52121,52000,2108,183,160482,,"Informações protegidas por sigilo, nos termos da legislação, para garantia da segurança da sociedade e do Estado","Informações protegidas por sigilo, nos termos da legislação, para garantia da segurança da sociedade e do Estado",,Ações de Caráter Sigiloso,Outros Serviços de Terceiros - Pessoa Jurídica,"Informações protegidas por sigilo, nos termos da legislação, para garantia da segurança da sociedade e do Estado",Defesa Nacional,Outras Despesas Correntes,COMANDO DO EXERCITO,MINISTERIO DA DEFESA,Programa de Gestão e Manutenção do Ministério da Defesa,Informação e Inteligência,COMANDO/1A BRIGADA DE INFANTARIA DE SELVA,"Informações protegidas por sigilo, nos termos da legislação, para garantia da segurança da sociedade e do Estado",28981.39,2014,7
2866,30,"Informações protegidas por sigilo, nos termos da legislação, para garantia da segurança da sociedade e do Estado",5,3,52121,52000,2108,183,160530,,"Informações protegidas por sigilo, nos termos da legislação, para garantia da segurança da sociedade e do Estado","Informações protegidas por sigilo, nos termos da legislação, para garantia da segurança da sociedade e do Estado",,Ações de Caráter Sigiloso,Material de Consumo,"Informações protegidas por sigilo, nos termos da legislação, para garantia da segurança da sociedade e do Estado",Defesa Nacional,Outras Despesas Correntes,COMANDO DO EXERCITO,MINISTERIO DA DEFESA,Programa de Gestão e Manutenção do Ministério da Defesa,Informação e Inteligência,COMANDO DO COMANDO MILITAR DO OESTE,"Informações protegidas por sigilo, nos termos da legislação, para garantia da segurança da sociedade e do Estado",10499.64,2014,7
2866,30,"Informações protegidas por sigilo, nos termos da legislação, para garantia da segurança da sociedade e do Estado",5,3,52121,52000,2108,183,160537,,"Informações protegidas por sigilo, nos termos da legislação, para garantia da segurança da sociedade e do Estado","Informações protegidas por sigilo, nos termos da legislação, para garantia da segurança da sociedade e do Estado",,Ações de Caráter Sigiloso,Material de Consumo,"Informações protegidas por sigilo, nos termos da legislação, para garantia da segurança da sociedade e do Estado",Defesa Nacional,Outras Despesas Correntes,COMANDO DO EXERCITO,MINISTERIO DA DEFESA,Programa de Gestão e Manutenção do Ministério da Defesa,Informação e Inteligência,COMANDO DA 16A BRIGADA DE INFANTARIA DE SELVA,"Informações protegidas por sigilo, nos termos da legislação, para garantia da segurança da sociedade e do Estado",774.00,2014,7
2000,30,"Informações protegidas por sigilo, nos termos da legislação, para garantia da segurança da sociedade e do Estado",5,3,52131,52000,2108,122,714000,,"Informações protegidas por sigilo, nos termos da legislação, para garantia da segurança da sociedade e do Estado","Informações protegidas por sigilo, nos termos da legislação, para garantia da segurança da sociedade e do Estado",Administração de unidade,Administração da Unidade,Material de Consumo,"Informações protegidas por sigilo, nos termos da legislação, para garantia da segurança da sociedade e do Estado",Defesa Nacional,Outras Despesas Correntes,COMANDO DA MARINHA,MINISTERIO DA DEFESA,Programa de Gestão e Manutenção do Ministério da Defesa,Administração Geral,CENTRO DE INTELIGÊNCIA DA MARINHA,"Informações protegidas por sigilo, nos termos da legislação, para garantia da segurança da sociedade e do Estado",13136.26,2014,7
2000,32,"Informações protegidas por sigilo, nos termos da legislação, para garantia da segurança da sociedade e do Estado",5,3,52131,52000,2108,122,714000,,"Informações protegidas por sigilo, nos termos da legislação, para garantia da segurança da sociedade e do Estado","Informações protegidas por sigilo, nos termos da legislação, para garantia da segurança da sociedade e do Estado",Administração de unidade,Administração da Unidade,Material de Distribuição Gratuita,"Informações protegidas por sigilo, nos termos da legislação, para garantia da segurança da sociedade e do Estado",Defesa Nacional,Outras Despesas Correntes,COMANDO DA MARINHA,MINISTERIO DA DEFESA,Programa de Gestão e Manutenção do Ministério da Defesa,Administração Geral,CENTRO DE INTELIGÊNCIA DA MARINHA,"Informações protegidas por sigilo, nos termos da legislação, para garantia da segurança da sociedade e do Estado",2000.00,2014,7
2000,39,"Informações protegidas por sigilo, nos termos da legislação, para garantia da segurança da sociedade e do Estado",5,3,52131,52000,2108,122,714000,,"Informações protegidas por sigilo, nos termos da legislação, para garantia da segurança da sociedade e do Estado","Informações protegidas por sigilo, nos termos da legislação, para garantia da segurança da sociedade e do Estado",Administração de unidade,Administração da Unidade,Outros Serviços de Terceiros - Pessoa Jurídica,"Informações protegidas por sigilo, nos termos da legislação, para garantia da segurança da sociedade e do Estado",Defesa Nacional,Outras Despesas Correntes,COMANDO DA MARINHA,MINISTERIO DA DEFESA,Programa de Gestão e Manutenção do Ministério da Defesa,Administração Geral,CENTRO DE INTELIGÊNCIA DA MARINHA,"Informações protegidas por sigilo, nos termos da legislação, para garantia da segurança da sociedade e do Estado",59065.88,2014,7
20X7,39,"Informações protegidas por sigilo, nos termos da legislação, para garantia da segurança da sociedade e do Estado",5,3,52131,52000,2058,153,714000,,"Informações protegidas por sigilo, nos termos da legislação, para garantia da segurança da sociedade e do Estado","Informações protegidas por sigilo, nos termos da legislação, para garantia da segurança da sociedade e do Estado",,Emprego Conjunto ou Combinado das Forças Armadas,Outros Serviços de Terceiros - Pessoa Jurídica,"Informações protegidas por sigilo, nos termos da legislação, para garantia da segurança da sociedade e do Estado",Defesa Nacional,Outras Despesas Correntes,COMANDO DA MARINHA,MINISTERIO DA DEFESA,Política Nacional de Defesa,Defesa Terrestre,CENTRO DE INTELIGÊNCIA DA MARINHA,"Informações protegidas por sigilo, nos termos da legislação, para garantia da segurança da sociedade e do Estado",4050.00,2014,7
2866,39,"Informações protegidas por sigilo, nos termos da legislação, para garantia da segurança da sociedade e do Estado",5,3,52131,52000,2108,183,714000,,"Informações protegidas por sigilo, nos termos da legislação, para garantia da segurança da sociedade e do Estado","Informações protegidas por sigilo, nos termos da legislação, para garantia da segurança da sociedade e do Estado",,Ações de Caráter Sigiloso,Outros Serviços de Terceiros - Pessoa Jurídica,"Informações protegidas por sigilo, nos termos da legislação, para garantia da segurança da sociedade e do Estado",Defesa Nacional,Outras Despesas Correntes,COMANDO DA MARINHA,MINISTERIO DA DEFESA,Programa de Gestão e Manutenção do Ministério da Defesa,Informação e Inteligência,CENTRO DE INTELIGÊNCIA DA MARINHA,"Informações protegidas por sigilo, nos termos da legislação, para garantia da segurança da sociedade e do Estado",35000.00,2014,7
2000,47,"Informações protegidas por sigilo, nos termos da legislação, para garantia da segurança da sociedade e do Estado",5,3,52131,52000,2108,122,714000,,"Informações protegidas por sigilo, nos termos da legislação, para garantia da segurança da sociedade e do Estado","Informações protegidas por sigilo, nos termos da legislação, para garantia da segurança da sociedade e do Estado",Administração de unidade,Administração da Unidade,Obrigações Tributárias e Contributivas,"Informações protegidas por sigilo, nos termos da legislação, para garantia da segurança da sociedade e do Estado",Defesa Nacional,Outras Despesas Correntes,COMANDO DA MARINHA,MINISTERIO DA DEFESA,Programa de Gestão e Manutenção do Ministério da Defesa,Administração Geral,CENTRO DE INTELIGÊNCIA DA MARINHA,"Informações protegidas por sigilo, nos termos da legislação, para garantia da segurança da sociedade e do Estado",57.91,2014,7
2000,52,"Informações protegidas por sigilo, nos termos da legislação, para garantia da segurança da sociedade e do Estado",5,4,52131,52000,2108,122,714000,,"Informações protegidas por sigilo, nos termos da legislação, para garantia da segurança da sociedade e do Estado","Informações protegidas por sigilo, nos termos da legislação, para garantia da segurança da sociedade e do Estado",Administração de unidade,Administração da Unidade,Equipamentos e Material Permanente,"Informações protegidas por sigilo, nos termos da legislação, para garantia da segurança da sociedade e do Estado",Defesa Nacional,Investimentos,COMANDO DA MARINHA,MINISTERIO DA DEFESA,Programa de Gestão e Manutenção do Ministério da Defesa,Administração Geral,CENTRO DE INTELIGÊNCIA DA MARINHA,"Informações protegidas por sigilo, nos termos da legislação, para garantia da segurança da sociedade e do Estado",11021.51,2014,7
